Position,Company,Location,URL
데이터 분석가 (경력/신입)의 전체 세부 정보,오버노드,성남 분당구,https://kr.indeed.com/rc/clk?jk=9a2300bee65d75e4&fccid=235f65bfc26a933c&vjs=3
Data Scientist - BCG X의 전체 세부 정보,Boston Consulting Group,서울,https://kr.indeed.com/rc/clk?jk=e8eb32d0640fe78e&fccid=b95f9eb47968fa13&vjs=3
Data Engineer (Mid/Senior)의 전체 세부 정보,Calhoun International  LLC,경기도 평택,https://kr.indeed.com/rc/clk?jk=e7ba3bf45f0579e0&fccid=123c27d0e168151d&vjs=3
서버 엔지니어 (Python)의 전체 세부 정보,페이히어,서울 강남구,https://kr.indeed.com/rc/clk?jk=818a6dc47540e48e&fccid=254f50a1adb01cad&vjs=3
SW engineer intern의 전체 세부 정보,INTEL,서울,https://kr.indeed.com/rc/clk?jk=fae25ef1694390dc&fccid=936367796261bd6e&vjs=3
파이썬(python) 백엔드 개발자의 전체 세부 정보,아토머스,서울 강남구,https://kr.indeed.com/rc/clk?jk=7e8499c0e2fe4afb&fccid=660bbb21789ab63d&vjs=3
Deep Learning Researcher (Intern)의 전체 세부 정보,Qualcomm,서울,https://kr.indeed.com/rc/clk?jk=701e887d6f3eb831&fccid=d40ebe11fc879426&vjs=3
Business Analyst의 전체 세부 정보,이제이엔,서울 강남구,https://kr.indeed.com/rc/clk?jk=c4a181675d3d33bc&fccid=8b6179f73c3ea438&vjs=3
Software Engineer - BCG X의 전체 세부 정보,Boston Consulting Group,서울,https://kr.indeed.com/rc/clk?jk=31d03f213a464e3e&fccid=b95f9eb47968fa13&vjs=3
Python(Django) 개발자 (5년 이상)의 전체 세부 정보,아테나스랩,서울 마포구,https://kr.indeed.com/rc/clk?jk=bbe8f11ac0191543&fccid=f7418ec5d47158aa&vjs=3
백엔드 엔지니어 - Python / Django / AWS의 전체 세부 정보,버핏서울,서울 강남구,https://kr.indeed.com/rc/clk?jk=726438de0757a420&fccid=f6e11646ad07e7de&vjs=3
강화학습 개발자 (디지털 트윈)의 전체 세부 정보,코난테크놀로지,서울 서초구,https://kr.indeed.com/rc/clk?jk=c08f72e1133f1385&fccid=89684d566fa8a7b9&vjs=3
[인텔리전스랩스] 게임 이상탐지 백엔드 개발자 (Go)의 전체 세부 정보,Nexon,경기도 성남,https://kr.indeed.com/rc/clk?jk=4c63be91baa619af&fccid=aba87288e4cc3687&vjs=3
데이터분석가 신입/경력의 전체 세부 정보,어니컴,서울 용산구,https://kr.indeed.com/rc/clk?jk=e6e66931181de29d&fccid=5c6ed722e9346a08&vjs=3
Python  인공지능(AI) 외 신입/경력의 전체 세부 정보,사회정보연구원,서울 은평구,https://kr.indeed.com/rc/clk?jk=b7fad584859458e4&fccid=8da9b3751cf2e16c&vjs=3
2023 IBM Consulting Associates 채용 - Application Developer의 전체 세부 정보,IBM,서울,https://kr.indeed.com/rc/clk?jk=a892c81b1382d7d4&fccid=de71a49b535e21cb&vjs=3
ML/DL Data Scientist[경력]의 전체 세부 정보,현대자동차그룹,서울 여의도,https://kr.indeed.com/rc/clk?jk=80d4df92bd3b714e&fccid=980d6ecc399a3373&vjs=3
[선행기술원] 데이터 기반 신기술 센싱[책임연구원]의 전체 세부 정보,현대자동차그룹,성남 판교역,https://kr.indeed.com/rc/clk?jk=7ac9785a74324493&fccid=980d6ecc399a3373&vjs=3
백엔드 개발자(인턴십)의 전체 세부 정보,액스,서울 서초구,https://kr.indeed.com/rc/clk?jk=b7223c792bfcbcd4&fccid=5013eca338141e7d&vjs=3
비전인식  Python 외 경력의 전체 세부 정보,넥스트커리어,성남 수정구,https://kr.indeed.com/rc/clk?jk=9c9ff1f634b43831&fccid=2d777ccbd7a449c1&vjs=3
Python Backend Engineer의 전체 세부 정보,마인드에이아이,서울 중구,https://kr.indeed.com/rc/clk?jk=7eeac2a2b935cf15&fccid=6e36b32060404d12&vjs=3
백엔드 엔지니어 (Python) 정규직의 전체 세부 정보,데이터비,서울 마포구,https://kr.indeed.com/rc/clk?jk=79d696388d32d3ff&fccid=dd6f5fd8e8c02e7e&vjs=3
[데브시스터즈] DevOps Engineer (신입)의 전체 세부 정보,데브시스터즈,서울 강남구,https://kr.indeed.com/rc/clk?jk=3058f7280a2e6644&fccid=58a9a803698a0afd&vjs=3
제품개발 담당자의 전체 세부 정보,코리아스펙트랄프로덕츠,서울 구로구,https://kr.indeed.com/rc/clk?jk=84e5dfc8d9c2faa2&fccid=5b75f6fe03a2a7fd&vjs=3
비전인식  인공지능(AI) 외 경력의 전체 세부 정보,넥스트커리어,성남 수정구,https://kr.indeed.com/rc/clk?jk=684b2a4f58327e92&fccid=2d777ccbd7a449c1&vjs=3
[인텔리전스랩스] 데이터 분석가 (마케팅)의 전체 세부 정보,Nexon,경기도 성남,https://kr.indeed.com/rc/clk?jk=aec83962a6b7ff50&fccid=aba87288e4cc3687&vjs=3
Business Intelligence Analyst  Seoul  Korea의 전체 세부 정보,Tesla,서울 강남구,https://kr.indeed.com/rc/clk?jk=4b3dfd13c88992b8&fccid=86e9be6ce380173e&vjs=3
AI 엔지니어(AI Engineer)의 전체 세부 정보,인이지,성남 분당구,https://kr.indeed.com/rc/clk?jk=8f0b1a037b657fa1&fccid=8a0714879bbe4b76&vjs=3
음성 개발의 전체 세부 정보,코난테크놀로지,서울 서초구,https://kr.indeed.com/rc/clk?jk=f60407c6070bb515&fccid=89684d566fa8a7b9&vjs=3
[송파구] 데이터 ETL/빅데이터 분석의 전체 세부 정보,시니어앤파트너즈,서울 송파구,https://kr.indeed.com/rc/clk?jk=c7feaf0f4c960254&fccid=59060ddcdf96b101&vjs=3
[(주)소프트랩스] 백엔드/ 프론트엔드/ 기획자 / 웹 개발자/ 웹 앱 기획자의 전체 세부 정보,소프트랩스,서울 금천구,https://kr.indeed.com/rc/clk?jk=9e7b1e7488a8692e&fccid=5693dea15fa48296&vjs=3
백엔드(Python  Java) 개발자의 전체 세부 정보,액스,서울 서초구,https://kr.indeed.com/rc/clk?jk=08982516c7220571&fccid=5013eca338141e7d&vjs=3
생성형 AI 연구개발의 전체 세부 정보,비아이매트릭스,서울 강남구,https://kr.indeed.com/rc/clk?jk=3c5ebb151d20d3a1&fccid=f3fcdbdd85f462a6&vjs=3
[전액무료] LLM 활용 인공지능(NLP) 서비스 개발자 양성과정의 전체 세부 정보,솔트룩스,서울,https://kr.indeed.com/rc/clk?jk=0f7cbfb6a343fa5b&fccid=eb74805cb9fd733e&vjs=3
[데브툴즈] Front end 개발자의 전체 세부 정보,데브툴즈,안양 동안구,https://kr.indeed.com/rc/clk?jk=a76e48ed8883b9b5&fccid=ad60a0632f3f3e71&vjs=3
대한상공회의소 IT분야 교사의 전체 세부 정보,대한상공회의소,서울 중구,https://kr.indeed.com/rc/clk?jk=48e39e51572faaa1&fccid=1a70f4e86a9d82fc&vjs=3
로데슈바르즈코리아 Application Engineer (신입/경력)의 전체 세부 정보,로데슈바르즈코리아,서울 강남구,https://kr.indeed.com/rc/clk?jk=4e4821b6802a1b48&fccid=059c71a624e1820a&vjs=3
Data Analytics/Engineering 신입사원 채용의 전체 세부 정보,SK CC,성남 정자동,https://kr.indeed.com/rc/clk?jk=78be1c05db61224b&fccid=36b9d5dbe99227ff&vjs=3
영상처리  컴퓨터 비전 전문가 (신입/경력)의 전체 세부 정보,에바,성남 수정구,https://kr.indeed.com/rc/clk?jk=2642a83874ea6bab&fccid=5cc87f5890bd7170&vjs=3
[홈페이지지원] 2023년 신입·경력 중의 전체 세부 정보,사이냅소프트,서울 강서구,https://kr.indeed.com/rc/clk?jk=c0cd7991573c901d&fccid=0673ca84bc014599&vjs=3
Wi-Fi 소프트웨어 엔지니어 (신입/경력)의 전체 세부 정보,인피니언코리아,성남 분당구,https://kr.indeed.com/rc/clk?jk=acf2807bdb4705cb&fccid=50debe8434cd12fc&vjs=3
Intern - Virtual Motion의 전체 세부 정보,Ansys,서울,https://kr.indeed.com/rc/clk?jk=f52bfe272f061899&fccid=95f8f553c04ed01c&vjs=3
Data Scientist의 전체 세부 정보,BOEING,서울,https://kr.indeed.com/rc/clk?jk=0d0872c5582aa229&fccid=edae4285faf6c2f0&vjs=3
다이렉트인덱싱 솔루션(서비스 백엔드/ 웹 프론트엔드 (~10/31)의 전체 세부 정보,KB자산운용,서울 영등포구,https://kr.indeed.com/rc/clk?jk=6030a2d74688ff0f&fccid=846186c5b49d7bef&vjs=3
Strategic Data Analyst의 전체 세부 정보,JTI - Japan Tobacco International,서울,https://kr.indeed.com/rc/clk?jk=1b202e41da8ab4b4&fccid=09dc3054e100db9a&vjs=3
대한민국 1% 위한 서비스와 함께할 개발자의 전체 세부 정보,휴먼스케이프,서울 강남구,https://kr.indeed.com/rc/clk?jk=b47574b00d18ce94&fccid=5b1fac47a95e4ab9&vjs=3
Python Engineer (Top Secret Clearance)의 전체 세부 정보,Better Talent Advisors,경기도 평택,https://kr.indeed.com/rc/clk?jk=7e91108c3aa82d7d&fccid=a9ac37d9721dd9ff&vjs=3
[인텔리전스랩스] UX Researcher/UX 분석가 (게임 경험 분석)의 전체 세부 정보,Nexon,경기도 성남,https://kr.indeed.com/rc/clk?jk=256d35cc840b890e&fccid=aba87288e4cc3687&vjs=3
[SDV] Data Scientist[연구원  책임연구원]의 전체 세부 정보,현대자동차그룹,서울 강남구,https://kr.indeed.com/rc/clk?jk=020aee8f471db6e8&fccid=980d6ecc399a3373&vjs=3
Python  JAVA 백엔드 개발자 모집의 전체 세부 정보,주식회사 소프트랩스 관심기업,서울 가산동,https://kr.indeed.com/rc/clk?jk=15af90dfea5ed87f&fccid=5d00ed32cfbf2240&vjs=3
데이터 엔지니어의 전체 세부 정보,마켓보로,성남 분당구,https://kr.indeed.com/rc/clk?jk=15d6e860bf8920cf&fccid=de7331de4d8e83d2&vjs=3
[선행기술원] 연구개발기술분석_기계_시뮬레이션[책임연구원]의 전체 세부 정보,현대자동차그룹,성남 판교역,https://kr.indeed.com/rc/clk?jk=79649f044eb853cd&fccid=980d6ecc399a3373&vjs=3
파이썬(python) 백엔드 개발자(전문연구요원)의 전체 세부 정보,아토머스,서울 강남구,https://kr.indeed.com/rc/clk?jk=c3ea7ef913ec52d2&fccid=660bbb21789ab63d&vjs=3
딥러닝 AI 개발 연구원의 전체 세부 정보,베이리스,성남 수정구,https://kr.indeed.com/rc/clk?jk=87309d3ff40ead61&fccid=ce871e9e4a9f430a&vjs=3
가상자산 알고리즘 트레이딩 솔루션 개발자의 전체 세부 정보,퓨쳐리즘랩스,서울 마포구,https://kr.indeed.com/rc/clk?jk=77b5bcf7341d1ca5&fccid=61aa9f028449bf76&vjs=3
데이터엔지니어 신입/경력 모집의 전체 세부 정보,텐바이텐,서울 연건동,https://kr.indeed.com/rc/clk?jk=7e0734c308199003&fccid=06522dc41f0858e7&vjs=3
페이코 서비스 데이터 사이언티스트의 전체 세부 정보,NHN,성남 판교역,https://kr.indeed.com/rc/clk?jk=8980d74e80a93849&fccid=cc378bd7bc831eca&vjs=3
[선행기술원] Quantum Computing/Information[책임연구원]의 전체 세부 정보,현대자동차그룹,성남 판교역,https://kr.indeed.com/rc/clk?jk=e424415872777a5f&fccid=980d6ecc399a3373&vjs=3
[신규프로젝트] 클라이언트 프로그래머 (Client Programming) 모집의 전체 세부 정보,엔씨소프트,성남 판교역,https://kr.indeed.com/rc/clk?jk=88fd864362ffa494&fccid=a1e4e21b1f33cf40&vjs=3
[선행기술원] 시계열 AI 모델 및 온라인 학습 기술 개발[책임연구원]의 전체 세부 정보,현대자동차그룹,성남 판교역,https://kr.indeed.com/rc/clk?jk=6b5c27f06e497a8b&fccid=980d6ecc399a3373&vjs=3
[데브시스터즈] Data Platform Software Engineer (Senior/Junior)의 전체 세부 정보,데브시스터즈,서울 강남구,https://kr.indeed.com/rc/clk?jk=d832eb50f24e4587&fccid=58a9a803698a0afd&vjs=3
Robotics Engineer [Computer Vision][연구원  책임연구원]의 전체 세부 정보,현대자동차그룹,대한민국,https://kr.indeed.com/rc/clk?jk=1e994678952daca2&fccid=980d6ecc399a3373&vjs=3
[선행기술원] SNN기반 Computer Vision 기술 개발 (객체인식/추적)[책임연구원]의 전체 세부 정보,현대자동차그룹,성남 판교역,https://kr.indeed.com/rc/clk?jk=d208a45947ad23ee&fccid=980d6ecc399a3373&vjs=3
Software Engineer(Backend)의 전체 세부 정보,Presto,서울,https://kr.indeed.com/rc/clk?jk=fb7e22a53bf710ac&fccid=37b31c805f66f58e&vjs=3
Product Packaging Engineer의 전체 세부 정보,INTEL,서울,https://kr.indeed.com/rc/clk?jk=f9471869e3dcfd01&fccid=936367796261bd6e&vjs=3
인공지능 python  iot  ubuntu  deeplearning  싱글컴퓨터 개발 보드 개발자의 전체 세부 정보,알엑스오,광주 동구,https://kr.indeed.com/rc/clk?jk=c5f6aaf41202129c&fccid=f735ca40bad2e9c5&vjs=3
[선행기술원] 연구개발기술분석_전기전자[책임연구원]의 전체 세부 정보,현대자동차그룹,성남 판교역,https://kr.indeed.com/rc/clk?jk=c782e92d3c723379&fccid=980d6ecc399a3373&vjs=3
기술 인턴 인공지능 응용 연구/개발 인턴의 전체 세부 정보,써로마인드로보틱스,서울 관악구,https://kr.indeed.com/rc/clk?jk=71c47ac87bb4087e&fccid=230e414668234579&vjs=3
SK플래닛 T아카데미 ASAC 4기 교육생 [빅데이터 분석/ 웹풀스택 개발]의 전체 세부 정보,SK플래닛 Tacademy,서울 마포구,https://kr.indeed.com/rc/clk?jk=d9f39c24a30388d2&fccid=c29e5daceb008fd3&vjs=3
지도 구축 기술 개발 부문 경력채용의 전체 세부 정보,현대오토에버,서울 대치동,https://kr.indeed.com/rc/clk?jk=c8fe72fcde1c9d5e&fccid=d5a22a3e93377742&vjs=3
모터센스 SW 개발의 전체 세부 정보,이파피루스,성남 분당구,https://kr.indeed.com/rc/clk?jk=c8212bd67d305ecc&fccid=aa2791da463c227d&vjs=3
Data/Machine Learning Engineer (신입)의 전체 세부 정보,플리토,서울 강남구,https://kr.indeed.com/rc/clk?jk=5ab0b45dfa93411b&fccid=01aed038bcce2a5f&vjs=3
개발팀 웹개발 시니어 경력직 (스마트팩토리)의 전체 세부 정보,유호스트,서울 서초구,https://kr.indeed.com/rc/clk?jk=21f923a2ae5e043f&fccid=ae8723fa69dfcb56&vjs=3
Artificial Intelligence Research Intern - Deep Learning의 전체 세부 정보,NVIDIA,대한민국,https://kr.indeed.com/rc/clk?jk=28ade816b4831f20&fccid=c267f29f0f85e8b8&vjs=3
커넥티드 카 AI 음성인식 개발 (NLP/ 자연어처리)[연구원  책임연구원]의 전체 세부 정보,현대자동차그룹,서울 강남구,https://kr.indeed.com/rc/clk?jk=f5187c1945d99ff1&fccid=980d6ecc399a3373&vjs=3
Senior Open Source Developer & DevOps (Python  Django  React  AWS/OpenStack),OpenCraft,Anywhere in the World,https://weworkremotely.com/remote-jobs/opencraft-senior-open-source-developer-devops-python-django-react-aws-openstack
Sr Software Engineer - Python,Salas O'Brien,USA Only,https://weworkremotely.com/remote-jobs/salas-o-brien-sr-software-engineer-python
Senior/Staff Software Engineer - Backend/Python - USA (100% Remote),Close,USA Only,https://weworkremotely.com/remote-jobs/close-senior-staff-software-engineer-backend-python-usa-100-remote
Senior Python Engineer,Shake,Anywhere in the World,https://weworkremotely.com/remote-jobs/shake-senior-python-engineer-2
Lead Python Developer,Tactiq Tech,Anywhere in the World,https://weworkremotely.com/remote-jobs/tactiq-tech-lead-python-developer
Python Flask User Workspace Developer,DataExplorer,Anywhere in the World,https://weworkremotely.com/remote-jobs/dataexplorer-python-flask-user-workspace-developer
Typescript React Fullstack Developer Senior,CloudDevs,['💃 Latin America'],https://remoteok.com/remote-jobs/remote-jobs/remote-typescript-react-fullstack-developer-senior-clouddevs-340913
Lead Python Developer,Tactiq,['💃 Latin America'| '🌎 North America'| '🇪🇺 Europe'],https://remoteok.com/remote-jobs/remote-jobs/remote-lead-python-developer-tactiq-438392
Senior Unreal Engine Developer,Proxify,['🌏 Worldwide'],https://remoteok.com/remote-jobs/remote-jobs/remote-senior-unreal-engine-developer-proxify-382258
Senior Full stack React Developer,Lemon.io,['🇪🇺 Europe'| '💃 Latin America'| '🇨🇦 Canada'| '🇺🇦 Ukraine'| '🇬🇧 United Kingdom'],https://remoteok.com/remote-jobs/remote-jobs/remote-senior-full-stack-react-developer-lemon-io-410839
Engineer Golang Python,FinCompare,['🌏 Probably worldwide'],https://remoteok.com/remote-jobs/remote-jobs/remote-engineer-golang-python-fincompare-183780
Senior DevOps Engineer,Twist Bioscience,['🇺🇸 United States'],https://remoteok.com/remote-jobs/remote-jobs/remote-senior-devops-engineer-twist-bioscience-167248
Senior Software Engineer Test Hybrid,SonicWall,['🇺🇸 United States'],https://remoteok.com/remote-jobs/remote-jobs/remote-senior-software-engineer-test-hybrid-sonicwall-166721
Penetration Tester,ScienceLogic,['🇺🇸 United States'],https://remoteok.com/remote-jobs/remote-jobs/remote-penetration-tester-sciencelogic-164585
Senior Site Reliability Expert,Lightspeed Commerce,['🇺🇸 United States'],https://remoteok.com/remote-jobs/remote-jobs/remote-senior-site-reliability-expert-lightspeed-commerce-163296
Online Technology Intern,PlayStation Global,['🌏 Probably worldwide'],https://remoteok.com/remote-jobs/remote-jobs/remote-online-technology-intern-playstation-global-157134
Technical Lead Data Pipeline GPU Python C+,Planet,['🇺🇸 United States'],https://remoteok.com/remote-jobs/remote-jobs/remote-technical-lead-data-pipeline-gpu-python-c-planet-156908
IT Manager,Civis Analytics,['🇺🇸 United States'],https://remoteok.com/remote-jobs/remote-jobs/remote-it-manager-civis-analytics-151380
Security Automation Engineer,KnowBe4,['🇺🇸 United States'],https://remoteok.com/remote-jobs/remote-jobs/remote-security-automation-engineer-knowbe4-149809
Principal Full Stack Developer,Tailorbird, Inc.,['🇮🇳 India'],https://remoteok.com/remote-jobs/remote-jobs/remote-principal-full-stack-developer-tailorbird-inc-149437
Senior Staff Engineer,Nomad Health Corporate,['🇺🇸 United States'],https://remoteok.com/remote-jobs/remote-jobs/remote-senior-staff-engineer-nomad-health-corporate-147706
Senior Growth Engineer,Samsara,['🇺🇸 United States'],https://remoteok.com/remote-jobs/remote-jobs/remote-senior-growth-engineer-samsara-146150
Senior Business Intelligence Developer,Amwell,['🇺🇸 United States'],https://remoteok.com/remote-jobs/remote-jobs/remote-senior-business-intelligence-developer-amwell-145645
Senior Mechanical Engineer,Planet,['🇺🇸 United States'],https://remoteok.com/remote-jobs/remote-jobs/remote-senior-mechanical-engineer-planet-145643
Professional Services Solutions Architect,Planet,['🇺🇸 United States'],https://remoteok.com/remote-jobs/remote-jobs/remote-professional-services-solutions-architect-planet-144195
Senior Backend Engineer,Tradeblock,['🇺🇸 United States'],https://remoteok.com/remote-jobs/remote-jobs/remote-senior-backend-engineer-tradeblock-143784
